{"cameraMode":{"drawMode":0,"name":"Shaded","section":"Shading Mode"},"sceneLighting":false,"audioPlay":false,"sceneViewState":{"showFog":true,"showMaterialUpdate":false,"showSkybox":true,"showFlares":true,"showImageEffects":true,"showParticleSystems":true},"in2DMode":false,"pivot":{"x":-16.635189056396486,"y":0.30768585205078127,"z":-56.55201721191406},"rotation":{"x":0.22155830264091493,"y":0.6128181219100952,"z":-0.18454250693321229,"w":0.7357385158538818},"size":34.52876281738281,"orthographic":false}